{"cameraMode":{"drawMode":0,"name":"Shaded","section":"Shading Mode"},"sceneLighting":true,"audioPlay":false,"sceneViewState":{"m_AlwaysRefresh":false,"showFog":true,"showSkybox":true,"showFlares":true,"showImageEffects":true,"showParticleSystems":true,"showVisualEffectGraphs":true,"m_FxEnabled":true},"in2DMode":false,"pivot":{"x":14.774895668029786,"y":-7.200099945068359,"z":20.487594604492189},"rotation":{"x":0.22922807931900025,"y":0.022193308919668199,"z":-0.005295213311910629,"w":0.9732758402824402},"size":48.49725341796875,"orthographic":false}